,AGE
GTEX-12ZZX,4
GTEX-PLZ4,5
GTEX-11EM3,2
GTEX-111VG,6
GTEX-YFCO,4
GTEX-145MH,5
GTEX-1AMFI,5
GTEX-13G51,6
GTEX-13O3Q,5
GTEX-ZY6K,5
GTEX-117YW,5
GTEX-14E6E,3
GTEX-SIU8,5
GTEX-OIZI,4
GTEX-11TT1,2
GTEX-11UD2,5
GTEX-17EVP,4
GTEX-146FR,6
GTEX-QV44,5
GTEX-12WSJ,4
GTEX-16BQI,3
GTEX-ZYW4,6
GTEX-11TUW,6
GTEX-11DZ1,5
GTEX-12WSN,4
GTEX-P4QS,6
GTEX-U3ZN,3
GTEX-11TTK,6
GTEX-14A5H,6
GTEX-14C39,4
GTEX-131XG,5
GTEX-14PII,6
GTEX-RN64,5
GTEX-YF7O,5
GTEX-14C38,5
GTEX-13OVJ,5
GTEX-1B8SG,5
GTEX-11EMC,6
GTEX-12584,4
GTEX-WHSB,5
GTEX-ZYVF,5
GTEX-OIZG,5
GTEX-13FTW,4
GTEX-17F96,7
GTEX-139UW,6
GTEX-13OW8,6
GTEX-PWCY,2
GTEX-15DZA,3
GTEX-QV31,3
GTEX-13NYB,4
GTEX-ZAJG,5
GTEX-1C6VR,6
GTEX-145MI,6
GTEX-13FTY,4
GTEX-16MT8,6
GTEX-11GSO,6
GTEX-117XS,6
GTEX-1122O,6
GTEX-11XUK,4
GTEX-11DXX,6
GTEX-1B8SF,6
GTEX-Y3I4,5
GTEX-ZT9X,4
GTEX-15G1A,3
GTEX-11DXY,6
GTEX-16MTA,5
GTEX-131YS,6
GTEX-13O3P,5
GTEX-P78B,4
GTEX-XGQ4,5
GTEX-131XF,6
GTEX-13NZA,6
GTEX-13FXS,5
GTEX-SE5C,4
GTEX-1C2JI,5
GTEX-17EVQ,7
GTEX-14C5O,6
GTEX-XUZC,3
GTEX-13U4I,4
GTEX-Y5V5,6
GTEX-14PN4,5
GTEX-V1D1,5
GTEX-16GPK,6
GTEX-15CHC,6
GTEX-WYVS,4
GTEX-Y111,5
GTEX-VJYA,6
GTEX-WHSE,2
GTEX-15SB6,5
GTEX-11EQ8,6
GTEX-1AX9I,6
GTEX-12ZZZ,6
GTEX-1AX9K,5
GTEX-R55E,2
GTEX-P4PQ,6
GTEX-1B8KE,5
GTEX-146FQ,3
GTEX-1192X,5
GTEX-ZZPU,5
GTEX-ZXG5,6
GTEX-17HGU,5
GTEX-11P7K,3
GTEX-Q2AI,4
GTEX-U8T8,6
GTEX-13FHO,6
GTEX-14753,6
GTEX-13O61,6
GTEX-QXCU,5
GTEX-147GR,6
GTEX-13112,5
GTEX-17JCI,6
GTEX-Z9EW,4
GTEX-13X6J,5
GTEX-15UF6,7
GTEX-131XE,5
GTEX-15ETS,4
GTEX-ZYFC,5
GTEX-14PJ3,5
GTEX-ZV6S,4
GTEX-13OW6,5
GTEX-RWSA,4
GTEX-1B8KZ,5
GTEX-13JVG,6
GTEX-11GS4,6
GTEX-12WSG,5
GTEX-12ZZY,6
GTEX-12WSD,6
GTEX-13IVO,7
GTEX-16XZZ,6
GTEX-13CF3,6
GTEX-QDVN,5
GTEX-Q2AH,4
GTEX-RM2N,5
GTEX-11ZTS,6
GTEX-ZC5H,4
GTEX-1313W,5
GTEX-WL46,5
GTEX-147F4,5
GTEX-14BMU,2
GTEX-14PJ4,6
GTEX-R3RS,4
GTEX-RTLS,6
GTEX-YEC3,5
GTEX-11LCK,3
GTEX-14A6H,3
GTEX-13D11,5
GTEX-1AX8Z,6
GTEX-13FH7,5
GTEX-S32W,5
GTEX-1AX9J,6
GTEX-SJXC,6
GTEX-13OVI,6
GTEX-WHPG,5
GTEX-XBEW,4
GTEX-QEG5,2
GTEX-XBED,6
GTEX-SNOS,4
GTEX-15DDE,5
GTEX-RNOR,5
GTEX-X4XX,6
GTEX-1212Z,6
GTEX-Y9LG,3
GTEX-U4B1,4
GTEX-WK11,5
GTEX-ZYT6,3
GTEX-NFK9,4
GTEX-13O1R,6
GTEX-13O21,5
GTEX-WXYG,5
GTEX-13S86,4
GTEX-14PJ6,6
GTEX-X4XY,6
GTEX-ZZ64,2
GTEX-11DXZ,5
GTEX-15SHU,4
GTEX-PWN1,4
GTEX-Y5V6,6
GTEX-T5JW,2
GTEX-183FY,2
GTEX-XV7Q,4
GTEX-WOFL,6
GTEX-13PVR,6
GTEX-11I78,5
GTEX-REY6,6
GTEX-1211K,6
GTEX-13OW5,6
GTEX-ZV7C,5
GTEX-139YR,5
GTEX-1C4CL,3
GTEX-13OVG,6
GTEX-W5WG,5
GTEX-16NGA,4
GTEX-11P82,2
GTEX-12WSL,5
GTEX-1B932,4
GTEX-Q2AG,4
GTEX-131XH,5
GTEX-ZDYS,5
GTEX-13W46,5
GTEX-X5EB,4
GTEX-ZPCL,6
GTEX-ZLV1,6
GTEX-13NZ9,5
GTEX-11ZVC,5
GTEX-16Z82,6
GTEX-16AAH,5
GTEX-OXRL,5
GTEX-1AMEY,3
GTEX-17MF6,4
GTEX-SN8G,5
GTEX-15EO6,5
GTEX-1128S,6
GTEX-TMMY,4
GTEX-1B8L1,6
GTEX-111YS,6
GTEX-13VXT,2
GTEX-15CHR,5
GTEX-ZYY3,6
GTEX-14JIY,6
GTEX-17KNJ,5
GTEX-V955,6
GTEX-R55G,4
GTEX-17HHE,5
GTEX-ZA64,2
GTEX-Y8E4,4
GTEX-13NYC,6
GTEX-14AS3,4
GTEX-16XZY,7
GTEX-15CHQ,6
GTEX-N7MS,6
GTEX-X8HC,5
GTEX-YEC4,4
GTEX-113JC,5
GTEX-13PVQ,5
GTEX-Q734,4
GTEX-ZVP2,5
GTEX-1CAMR,2
GTEX-ZE7O,5
GTEX-RU72,5
GTEX-POYW,6
GTEX-13OVK,4
GTEX-13OW7,5
GTEX-13X6H,5
GTEX-XYKS,6
GTEX-R55C,4
GTEX-1A8G6,6
GTEX-133LE,2
GTEX-15RIE,6
GTEX-13RTJ,6
GTEX-111CU,5
GTEX-15RJ7,4
GTEX-U3ZM,4
GTEX-14DAQ,6
GTEX-14PQA,5
GTEX-183WM,7
GTEX-13FHP,5
GTEX-15G19,6
GTEX-132NY,6
GTEX-13N2G,6
GTEX-ZYFG,6
GTEX-12BJ1,6
GTEX-14ABY,5
GTEX-16YQH,3
GTEX-ZF28,6
GTEX-QDVJ,5
GTEX-WY7C,5
GTEX-145MG,5
GTEX-OXRK,5
GTEX-ZDTS,6
GTEX-WWYW,5
GTEX-1497J,6
GTEX-16NPX,5
GTEX-14E6C,4
GTEX-WYJK,5
GTEX-11VI4,4
GTEX-14ASI,6
GTEX-111FC,6
GTEX-1A8G7,6
GTEX-WFG8,2
GTEX-11NV4,6
GTEX-PX3G,2
GTEX-ZTPG,2
GTEX-14ICL,3
GTEX-T8EM,4
GTEX-ZTX8,2
GTEX-17HII,5
GTEX-1A3MV,3
GTEX-11NUK,5
GTEX-ZYFD,5
GTEX-11ZTT,6
GTEX-RWS6,6
GTEX-T6MN,5
GTEX-13O3O,6
GTEX-ZVZP,5
GTEX-XUW1,5
GTEX-18A7A,5
GTEX-15ER7,2
GTEX-Y5LM,4
GTEX-T2IS,2
GTEX-Y3IK,5
GTEX-13QJ3,5
GTEX-13RTK,2
GTEX-14PJM,5
GTEX-11EI6,6
GTEX-OHPK,5
GTEX-WEY5,4
GTEX-UJMC,5
GTEX-13PL6,4
GTEX-Y114,5
GTEX-13111,5
GTEX-13NZ8,6
GTEX-YFC4,4
GTEX-OXRP,6
GTEX-TSE9,6
GTEX-ZQUD,3
GTEX-ZVT3,6
GTEX-12WSH,5
GTEX-17F97,5
GTEX-14PK6,7
GTEX-1BAJH,7
GTEX-13N11,5
GTEX-13VXU,5
GTEX-148VJ,7
GTEX-WFG7,2
GTEX-15SHV,6
GTEX-17F9E,5
GTEX-17HHY,5
GTEX-QLQ7,6
GTEX-13QBU,4
GTEX-R53T,5
GTEX-14XAO,6
GTEX-TKQ1,3
GTEX-ZAB5,5
GTEX-1B97I,4
GTEX-11EQ9,3
GTEX-ZQG8,6
GTEX-ZUA1,4
GTEX-P4QT,5
GTEX-11P81,3
GTEX-1477Z,6
GTEX-14PJO,6
GTEX-14BMV,5
GTEX-RU1J,2
GTEX-117YX,5
